{
  "0x0ed7e52944161450477ee417de9cd3a859b14fd0": 1.6694,
  "0xa39af17ce4a8eb807e076805da1e2b8ea7d0755b": 8.02667,
  "0x7eb5d86fd78f3852a3e0e064f2842d45a3db6ea2": 2.3252,
  "0x2b3dbba2d1f5158c7ba4b645b7ea187f7f1763af": 2.93509,
  "0x1c5bd1b4a4fc05cc0fb1a0f61136512744ca4f34": 1.6964,
  "0xc9b415b8331e1fb0d2f3442ac8413e279304090f": 0.32189,
  "0xdc9a574b9b341d4a98ce29005b614e1e27430e74": 0.48282,
  "0x8fa59693458289914db0097f5f366d771b7a7c3f": 3.33158,
  "0x3dcb1787a95d2ea0eb7d00887704eebf0d79bb13": 8.96244,
  "0x4cbea76b4a1c42c356b4c52b0314a98313ffe9df": 0,
  "0xa2915ae3bc8c6c03f59496b6dd26aa6a4335b788": 0.00228,
  "0x183f325b33d190597d80d1b46d865d0250fd9bf2": 0.12414,
  "0xb1d54d76e2cb9425ec9c018538cc531440b55dbb": 0.09436,
  "0xb9dc6396acffd24e0f69dfd3231fdaeb31514d02": 0.25089,
  "0xb2aa63f363196caba3154d4187949283f085a488": 0.14707
}
